<?xml version="1.0" encoding="utf-8"?>
<feed xmlns="http://www.w3.org/2005/Atom">
	<title>Centre des nouvelles du Canada - Manitoba</title>
	<subtitle>Centre des nouvelles du Canada</subtitle>
	<updated>2018-10-21T05:17:53-04:00</updated>
	<link href="https://www.canada.ca/fr/nouvelles/fils-nouvelles/manitoba" rel="self" />
	<id>https://www.canada.ca/fr/nouvelles.html</id>
	<logo>https://www.canada.ca/etc/designs/canada/wet-boew/assets/wmms-blk.svg</logo>
	<entry>
		<title>Pavillon no&#xa0;2 de l’Exposition du Dominion, Brandon (Manitoba)</title>
		<id>https://www.canada.ca/fr/parcs-canada/nouvelles/2018/10/pavillon-no2-de-lexposition-du-dominion-brandon-manitoba.html</id>
		<summary type="html">Pavillon no 2 de l’Exposition du Dominion, Brandon (Manitoba)</summary>
		<author>
			<name>Parcs Canada</name>
		</author>
		<updated>2018-10-18T10:15:00-04:00</updated>
		<link href="https://www.canada.ca/fr/parcs-canada/nouvelles/2018/10/pavillon-no2-de-lexposition-du-dominion-brandon-manitoba.html" />
	</entry>
</feed>
