{
  "@/css/ie8-theme-srv.css": {
    "hashes": {
      "sha256": "YCIItfa0Ubh/FDWo0EPC4Z8ZvqS6n0t8o/4t7+LIhTc=",
      "sha512": "WVMoNu8x3gH72Ucdap0u7vevQxvrbqhkUuEPWNsKb5c/6sbgevO36RafOOppMTgiSPpNUcGnj1uyomSHZHjDoA=="
    },
    "integrity": "sha256-YCIItfa0Ubh/FDWo0EPC4Z8ZvqS6n0t8o/4t7+LIhTc= sha512-WVMoNu8x3gH72Ucdap0u7vevQxvrbqhkUuEPWNsKb5c/6sbgevO36RafOOppMTgiSPpNUcGnj1uyomSHZHjDoA==",
    "path": "/css/ie8-theme-srv.css"
  },
  "@/css/ie8-theme-srv.min.css": {
    "hashes": {
      "sha256": "ShxY3smkdhqUv/xLUI7w9aZbKLsk9wb+marOv08Ugis=",
      "sha512": "pmRghaeqO8S1asxANaj+lK3yeGIse1bGN1gWOBHQovFVqUA8RSDWQzMz00g9NdpQeoGF4yhEM1NAfuwY/A3lTQ=="
    },
    "integrity": "sha256-ShxY3smkdhqUv/xLUI7w9aZbKLsk9wb+marOv08Ugis= sha512-pmRghaeqO8S1asxANaj+lK3yeGIse1bGN1gWOBHQovFVqUA8RSDWQzMz00g9NdpQeoGF4yhEM1NAfuwY/A3lTQ==",
    "path": "/css/ie8-theme-srv.min.css"
  },
  "@/css/ie8-theme.css": {
    "hashes": {
      "sha256": "5DYvEahdKc3nE3Gm0fZhowb9tNyDUmPhSbf0bwro3AU=",
      "sha512": "e+w5QLXRFRO258+FhZAugj/TwsVEcbvTAOqSTAYTRUL8Se8KnmZn4XfOWXUn3eziU1FVl8jDvu7usiC4x3jPbw=="
    },
    "integrity": "sha256-5DYvEahdKc3nE3Gm0fZhowb9tNyDUmPhSbf0bwro3AU= sha512-e+w5QLXRFRO258+FhZAugj/TwsVEcbvTAOqSTAYTRUL8Se8KnmZn4XfOWXUn3eziU1FVl8jDvu7usiC4x3jPbw==",
    "path": "/css/ie8-theme.css"
  },
  "@/css/ie8-theme.min.css": {
    "hashes": {
      "sha256": "0mWp0YYo3zGWPN/RoYlQ1aTMa+oh+YUhrq6yhv4g7xk=",
      "sha512": "rAvKkypgA7hmJGiDBeNmHcSYhAYGC+DKcIToXa6usLBvTxgMumEHz17nfDwvwsyiTFEvXV97rJDtgRgzkupqmA=="
    },
    "integrity": "sha256-0mWp0YYo3zGWPN/RoYlQ1aTMa+oh+YUhrq6yhv4g7xk= sha512-rAvKkypgA7hmJGiDBeNmHcSYhAYGC+DKcIToXa6usLBvTxgMumEHz17nfDwvwsyiTFEvXV97rJDtgRgzkupqmA==",
    "path": "/css/ie8-theme.min.css"
  },
  "@/css/ie8-wet-boew.css": {
    "hashes": {
      "sha256": "281xnBjkLmVq9K0jP4MRTOhwcumA7jisR7JgfrZSdJA=",
      "sha512": "nD5S8MtUzN2WPCxyZH5uN4qvX38fsRslmuWIIHpYBWRJGpzHADUTo2IYah4O0XayPGGRkLB1R2xEC8bGWN8GWA=="
    },
    "integrity": "sha256-281xnBjkLmVq9K0jP4MRTOhwcumA7jisR7JgfrZSdJA= sha512-nD5S8MtUzN2WPCxyZH5uN4qvX38fsRslmuWIIHpYBWRJGpzHADUTo2IYah4O0XayPGGRkLB1R2xEC8bGWN8GWA==",
    "path": "/css/ie8-wet-boew.css"
  },
  "@/css/ie8-wet-boew.min.css": {
    "hashes": {
      "sha256": "YwVIvGECT4I4NcgK5cZGKn8j9pzL5ZL/53BiuSGh3NY=",
      "sha512": "7QgFXVPYT3IxfY92CRE5RcUipp0F5GJo5rkJmsbyr6vpJb9gwGu3H4oWvWjI/SSbyJLGXiz7jkt8NzWLoAhb5g=="
    },
    "integrity": "sha256-YwVIvGECT4I4NcgK5cZGKn8j9pzL5ZL/53BiuSGh3NY= sha512-7QgFXVPYT3IxfY92CRE5RcUipp0F5GJo5rkJmsbyr6vpJb9gwGu3H4oWvWjI/SSbyJLGXiz7jkt8NzWLoAhb5g==",
    "path": "/css/ie8-wet-boew.min.css"
  },
  "@/css/messages-ie.css": {
    "hashes": {
      "sha256": "XDp2nJXuaZmgHV8iY2l2kmGGDfSmI51v8UQDVgjHWuw=",
      "sha512": "up3ig8dhkZHgWpyUw0V+V50H8PejuLJIh4Emh/1uhLHjJydZ6dSoOKReYzSKfFCM1ZJOtMYGCzLB59x2NmvWFg=="
    },
    "integrity": "sha256-XDp2nJXuaZmgHV8iY2l2kmGGDfSmI51v8UQDVgjHWuw= sha512-up3ig8dhkZHgWpyUw0V+V50H8PejuLJIh4Emh/1uhLHjJydZ6dSoOKReYzSKfFCM1ZJOtMYGCzLB59x2NmvWFg==",
    "path": "/css/messages-ie.css"
  },
  "@/css/messages-ie.min.css": {
    "hashes": {
      "sha256": "uXP038aa/ykysod0vHBowelu6gIA7FbFTModHJFCfq0=",
      "sha512": "wHa2rQ+gZ9E+iWGavOjTSqnTRz7YIV0V4EqJSrsmofF7aLpkLiGeVq6qLUm9YRQY+JomYWNOKepz0Qg+ORShSw=="
    },
    "integrity": "sha256-uXP038aa/ykysod0vHBowelu6gIA7FbFTModHJFCfq0= sha512-wHa2rQ+gZ9E+iWGavOjTSqnTRz7YIV0V4EqJSrsmofF7aLpkLiGeVq6qLUm9YRQY+JomYWNOKepz0Qg+ORShSw==",
    "path": "/css/messages-ie.min.css"
  },
  "@/css/messages.css": {
    "hashes": {
      "sha256": "W2fKK7Dlpt3I/r2PwTESXpD1f6ViRmWrLTBMQx+/3vU=",
      "sha512": "jjmsciehqMygWR1VccwAPQPck6ltu/9esUVwd+t0+Bt9+qrgc4OYVl2bUwDs2Ei4bdnpwjrZdfxOeUHtF+wMpA=="
    },
    "integrity": "sha256-W2fKK7Dlpt3I/r2PwTESXpD1f6ViRmWrLTBMQx+/3vU= sha512-jjmsciehqMygWR1VccwAPQPck6ltu/9esUVwd+t0+Bt9+qrgc4OYVl2bUwDs2Ei4bdnpwjrZdfxOeUHtF+wMpA==",
    "path": "/css/messages.css"
  },
  "@/css/messages.min.css": {
    "hashes": {
      "sha256": "0D8dmXdsFl7lkvhVYuqP35Wt0FanUtFJ9YMRUARXoLM=",
      "sha512": "py5Xfz7S4moRmjXg8L75kB/xie0oQ4eksoPdqDpXdP6PYwmOn/YybeSVSmE3WDHzeZJ+5E0pH9Vx8xiGQok7oQ=="
    },
    "integrity": "sha256-0D8dmXdsFl7lkvhVYuqP35Wt0FanUtFJ9YMRUARXoLM= sha512-py5Xfz7S4moRmjXg8L75kB/xie0oQ4eksoPdqDpXdP6PYwmOn/YybeSVSmE3WDHzeZJ+5E0pH9Vx8xiGQok7oQ==",
    "path": "/css/messages.min.css"
  },
  "@/css/small-component.css": {
    "hashes": {
      "sha256": "+TXnvgZQgSBASHWAJ9tOoYoNNlSg8J3cloiZ2qTov2o=",
      "sha512": "VjhFXYxijOhHyk85BXGmJ9/XPNCg+D/Cd8WRzWEG/tdDr0vPWrk6ImxjxppRTp5TLcOCP+mpv17auec8szad4g=="
    },
    "integrity": "sha256-+TXnvgZQgSBASHWAJ9tOoYoNNlSg8J3cloiZ2qTov2o= sha512-VjhFXYxijOhHyk85BXGmJ9/XPNCg+D/Cd8WRzWEG/tdDr0vPWrk6ImxjxppRTp5TLcOCP+mpv17auec8szad4g==",
    "path": "/css/small-component.css"
  },
  "@/css/small-component.min.css": {
    "hashes": {
      "sha256": "TyD3+wt6N5bgYs4B0jE5Ymmn3ssI3/wwiruTxgNCvV4=",
      "sha512": "I/Z6OP5Ks1/NxM9C5Utl3I1hX1r0yWtzqb17cHdZqCeZIpi3AcW08erccKWEnZRWtnqzlBzv/CvgxANT4f9MKQ=="
    },
    "integrity": "sha256-TyD3+wt6N5bgYs4B0jE5Ymmn3ssI3/wwiruTxgNCvV4= sha512-I/Z6OP5Ks1/NxM9C5Utl3I1hX1r0yWtzqb17cHdZqCeZIpi3AcW08erccKWEnZRWtnqzlBzv/CvgxANT4f9MKQ==",
    "path": "/css/small-component.min.css"
  },
  "@/css/theme-srv.css": {
    "hashes": {
      "sha256": "x9Jtm3HtlVj9gQMHXaIL6i3WL8Hc/FDnPnCy/mJYak0=",
      "sha512": "gv7sVi3H9Iow3cZNn3sSIP/1w+Jo6zymHNK2WBshbVltf3da/UwG4Bq1t6CVxN0/LL7WKXIwsW7IvgAFjNVyig=="
    },
    "integrity": "sha256-x9Jtm3HtlVj9gQMHXaIL6i3WL8Hc/FDnPnCy/mJYak0= sha512-gv7sVi3H9Iow3cZNn3sSIP/1w+Jo6zymHNK2WBshbVltf3da/UwG4Bq1t6CVxN0/LL7WKXIwsW7IvgAFjNVyig==",
    "path": "/css/theme-srv.css"
  },
  "@/css/theme-srv.min.css": {
    "hashes": {
      "sha256": "tUHMDyRhA9bR05olVO1IPU9kMFWAdbuOM/87UNFw57w=",
      "sha512": "6DsmyQP6zvaNjy3IkluSCchyin/hkKLmMvupdH3Qkeck6Dd3xLAZ/D//Mr0ql7DGi7VHqKg3B5DumXCY0a2M3w=="
    },
    "integrity": "sha256-tUHMDyRhA9bR05olVO1IPU9kMFWAdbuOM/87UNFw57w= sha512-6DsmyQP6zvaNjy3IkluSCchyin/hkKLmMvupdH3Qkeck6Dd3xLAZ/D//Mr0ql7DGi7VHqKg3B5DumXCY0a2M3w==",
    "path": "/css/theme-srv.min.css"
  },
  "@/css/theme.css": {
    "hashes": {
      "sha256": "fKW5KdifMItjfAzdyZBRTU4w54xnSoD8dXHTdsOdlZQ=",
      "sha512": "heFDpRy3gV7YRKSdqV3zIyoQnp3c4xSNVTNl8wP5GezMiSegPmfqUGFvwXhOwUAHoiub3ZkZ2KkYV1NxcydXwQ=="
    },
    "integrity": "sha256-fKW5KdifMItjfAzdyZBRTU4w54xnSoD8dXHTdsOdlZQ= sha512-heFDpRy3gV7YRKSdqV3zIyoQnp3c4xSNVTNl8wP5GezMiSegPmfqUGFvwXhOwUAHoiub3ZkZ2KkYV1NxcydXwQ==",
    "path": "/css/theme.css"
  },
  "@/css/theme.min.css": {
    "hashes": {
      "sha256": "fvzqw3xyzPgGV7+NZjoTtzHa75B6rTcM2ZjFBN5CGkY=",
      "sha512": "goUrBC0lD0aOESdxip6W1O7H9lbk0AN6Aaeo1ADzia+hHZLw54NBaSzE5QcbX9m712qyTTS1hDzb4LPQrAQCew=="
    },
    "integrity": "sha256-fvzqw3xyzPgGV7+NZjoTtzHa75B6rTcM2ZjFBN5CGkY= sha512-goUrBC0lD0aOESdxip6W1O7H9lbk0AN6Aaeo1ADzia+hHZLw54NBaSzE5QcbX9m712qyTTS1hDzb4LPQrAQCew==",
    "path": "/css/theme.min.css"
  },
  "@/css/wet-boew-overrides.css": {
    "hashes": {
      "sha256": "SgMsv+RbrmLozPY67B7dAKnFHSeGgcHQny1pjnXSExU=",
      "sha512": "QpQAbkDCUmXg4E4Pb2obSoSo729w2Zpki44L++MfSm8sw1i548nQ45ptWTVm66+Mz6F7vD5J7m2fhzZPX/VEOQ=="
    },
    "integrity": "sha256-SgMsv+RbrmLozPY67B7dAKnFHSeGgcHQny1pjnXSExU= sha512-QpQAbkDCUmXg4E4Pb2obSoSo729w2Zpki44L++MfSm8sw1i548nQ45ptWTVm66+Mz6F7vD5J7m2fhzZPX/VEOQ==",
    "path": "/css/wet-boew-overrides.css"
  },
  "@/css/wet-boew-overrides.min.css": {
    "hashes": {
      "sha256": "AF2+eaNbIm7w6ZVqshe2rruRMwR+aABpwyWv1O01WB8=",
      "sha512": "qHGJp8wmna8V0+v3iZALhbxwSIdE5IKskDzZOqLu9NUWs/UzWpmtSfqOKhjRzpCETVXmdrBMCk1XYgw8fdIShg=="
    },
    "integrity": "sha256-AF2+eaNbIm7w6ZVqshe2rruRMwR+aABpwyWv1O01WB8= sha512-qHGJp8wmna8V0+v3iZALhbxwSIdE5IKskDzZOqLu9NUWs/UzWpmtSfqOKhjRzpCETVXmdrBMCk1XYgw8fdIShg==",
    "path": "/css/wet-boew-overrides.min.css"
  },
  "@/css/wet-boew.css": {
    "hashes": {
      "sha256": "281xnBjkLmVq9K0jP4MRTOhwcumA7jisR7JgfrZSdJA=",
      "sha512": "nD5S8MtUzN2WPCxyZH5uN4qvX38fsRslmuWIIHpYBWRJGpzHADUTo2IYah4O0XayPGGRkLB1R2xEC8bGWN8GWA=="
    },
    "integrity": "sha256-281xnBjkLmVq9K0jP4MRTOhwcumA7jisR7JgfrZSdJA= sha512-nD5S8MtUzN2WPCxyZH5uN4qvX38fsRslmuWIIHpYBWRJGpzHADUTo2IYah4O0XayPGGRkLB1R2xEC8bGWN8GWA==",
    "path": "/css/wet-boew.css"
  },
  "@/css/wet-boew.min.css": {
    "hashes": {
      "sha256": "hXmyGWX5JYI33pGjReWMEm9ZPjoZqIlNtBjxzMbIa60=",
      "sha512": "WqWcQRnDHNbDMNe/5898GBp3BRjejb1qqMJJ7jXCK1tDI4Fvq5aM3YM5ND8ZprZoUX1JnVbnVyU7vwlP5vrGOw=="
    },
    "integrity": "sha256-hXmyGWX5JYI33pGjReWMEm9ZPjoZqIlNtBjxzMbIa60= sha512-WqWcQRnDHNbDMNe/5898GBp3BRjejb1qqMJJ7jXCK1tDI4Fvq5aM3YM5ND8ZprZoUX1JnVbnVyU7vwlP5vrGOw==",
    "path": "/css/wet-boew.min.css"
  },
  "@/js/theme.js": {
    "hashes": {
      "sha256": "O7U2IM7TnCmZQaWV+syl83s4wlqkM2XGBiDQPHtBngA=",
      "sha512": "CKV7042SoU2mON3sWQaPSGzNSWRFd617u8g557KzYyZXoIBCzUabCDl0ZaMQUo/CQdbKq9bOBrydYTIn4Gor6Q=="
    },
    "integrity": "sha256-O7U2IM7TnCmZQaWV+syl83s4wlqkM2XGBiDQPHtBngA= sha512-CKV7042SoU2mON3sWQaPSGzNSWRFd617u8g557KzYyZXoIBCzUabCDl0ZaMQUo/CQdbKq9bOBrydYTIn4Gor6Q==",
    "path": "/js/theme.js"
  },
  "@/js/theme.min.js": {
    "hashes": {
      "sha256": "OiyJQtupiMx0gDQGSlt55mOp82hu4XsItRN3fQV2BxY=",
      "sha512": "6N1hTW9Wcl8pDykcln31N2ACd41L8VCiav+pz70ws4QgfmeMux5MRzEq0lQEeKJtJlo2MgQnSDFOefERH9i2eg=="
    },
    "integrity": "sha256-OiyJQtupiMx0gDQGSlt55mOp82hu4XsItRN3fQV2BxY= sha512-6N1hTW9Wcl8pDykcln31N2ACd41L8VCiav+pz70ws4QgfmeMux5MRzEq0lQEeKJtJlo2MgQnSDFOefERH9i2eg==",
    "path": "/js/theme.min.js"
  }
}